Skills,Portfolio Link
Python,https://portfolio.com/johndoe
Machine Learning,https://mlportfolio.ai/janesmith
Data Analysis,https://datawiz.dev/michaelbrown
Web Development,https://johndevs.io/
Cybersecurity,https://cyberpro.net/sarahlee
Cloud Computing,https://cloudengineer.me/markwhite
SQL,https://dbexpert.com/emilythomas
Big Data,https://bigdatahub.org/davidclark
Artificial Intelligence,https://aiportfolio.net/oliviamiller
Frontend Development,https://frontenddevs.com/noahwilson
Backend Development,https://backendmaster.com/sophiadavis
DevOps,https://devopspro.com/ethanmartinez
Blockchain,https://blockchainworld.io/avajohnson
UI/UX Design,https://designhub.net/isabellagarcia
Embedded Systems,https://embeddedspecialist.com/liamlee